Threshold,Precision,Recall,F1,MCC,FPR,FNR,TN,FP,FN,TP
0.05,0.0814,0.9987,0.1505,0.0247,0.9899,0.0013,341,33582,4,2975
0.06,0.0819,0.9987,0.1513,0.0334,0.9837,0.0013,552,33371,4,2975
0.07,0.0824,0.9977,0.1522,0.0403,0.9757,0.0023,826,33097,7,2972
0.08,0.0831,0.9966,0.1535,0.0484,0.9652,0.0034,1179,32744,10,2969
0.09,0.0841,0.9963,0.1551,0.0577,0.9531,0.0037,1590,32333,11,2968
0.1,0.0851,0.9943,0.1568,0.0654,0.9388,0.0057,2077,31846,17,2962
0.11,0.086,0.9916,0.1582,0.0709,0.9257,0.0084,2522,31401,25,2954
0.12,0.0872,0.9893,0.1602,0.0781,0.9099,0.0107,3057,30866,32,2947
0.13,0.0885,0.9869,0.1624,0.0856,0.8928,0.0131,3636,30287,39,2940
0.14,0.0898,0.9849,0.1646,0.0926,0.8766,0.0151,4187,29736,45,2934
0.15,0.0913,0.9819,0.167,0.0995,0.8583,0.0181,4807,29116,54,2925
0.16,0.0926,0.9768,0.1692,0.1044,0.8406,0.0232,5409,28514,69,2910
0.17,0.0941,0.9715,0.1715,0.1097,0.8216,0.0285,6053,27870,85,2894
0.18,0.0958,0.9668,0.1743,0.1159,0.8015,0.0332,6735,27188,99,2880
0.19,0.0975,0.9621,0.1771,0.1218,0.7821,0.0379,7393,26530,113,2866
0.2,0.0994,0.9574,0.1801,0.1281,0.7618,0.0426,8079,25844,127,2852
0.21,0.1013,0.952,0.1832,0.134,0.7415,0.048,8769,25154,143,2836
0.22,0.1032,0.9449,0.186,0.1387,0.7214,0.0551,9451,24472,164,2815
0.23,0.1049,0.9369,0.1887,0.1427,0.7019,0.0631,10111,23812,188,2791
0.24,0.1068,0.9298,0.1916,0.1472,0.6829,0.0702,10758,23165,209,2770
0.25,0.109,0.9231,0.1949,0.1525,0.6629,0.0769,11436,22487,229,2750
0.26,0.1112,0.9164,0.1983,0.1577,0.6432,0.0836,12103,21820,249,2730
0.27,0.1131,0.9067,0.2011,0.1609,0.6245,0.0933,12738,21185,278,2701
0.28,0.1152,0.8983,0.2042,0.1649,0.606,0.1017,13367,20556,303,2676
0.29,0.1175,0.8899,0.2076,0.1693,0.587,0.1101,14011,19912,328,2651
0.3,0.1198,0.8822,0.2109,0.1736,0.5693,0.1178,14610,19313,351,2628
0.31,0.1221,0.8748,0.2143,0.178,0.5522,0.1252,15191,18732,373,2606
0.32,0.1244,0.8657,0.2175,0.1814,0.5353,0.1343,15763,18160,400,2579
0.33,0.1265,0.8536,0.2204,0.1839,0.5175,0.1464,16367,17556,436,2543
0.34,0.1285,0.8419,0.2229,0.1857,0.5016,0.1581,16907,17016,471,2508
0.35,0.1309,0.8315,0.2262,0.189,0.4848,0.1685,17478,16445,502,2477
0.36,0.1335,0.8194,0.2296,0.192,0.467,0.1806,18080,15843,538,2441
0.37,0.1363,0.811,0.2334,0.1962,0.4512,0.189,18616,15307,563,2416
0.38,0.1392,0.8016,0.2372,0.2,0.4355,0.1984,19151,14772,591,2388
0.39,0.1421,0.7922,0.241,0.2038,0.4201,0.2078,19673,14250,619,2360
0.4,0.1448,0.7811,0.2444,0.2066,0.405,0.2189,20183,13740,652,2327
0.41,0.1471,0.7644,0.2467,0.207,0.3893,0.2356,20716,13207,702,2277
0.42,0.15,0.7533,0.2502,0.21,0.3749,0.2467,21206,12717,735,2244
0.43,0.1525,0.7378,0.2528,0.2109,0.3601,0.2622,21708,12215,781,2198
0.44,0.1551,0.7227,0.2554,0.212,0.3458,0.2773,22194,11729,826,2153
0.45,0.1578,0.709,0.2581,0.2134,0.3324,0.291,22648,11275,867,2112
0.46,0.1607,0.6965,0.2612,0.2154,0.3194,0.3035,23087,10836,904,2075
0.47,0.1641,0.6831,0.2646,0.2177,0.3056,0.3169,23556,10367,944,2035
0.48,0.1673,0.6683,0.2676,0.2192,0.2922,0.3317,24010,9913,988,1991
0.49,0.1706,0.6539,0.2706,0.2208,0.2792,0.3461,24452,9471,1031,1948
0.5,0.1741,0.6425,0.274,0.2233,0.2676,0.3575,24845,9078,1065,1914
0.51,0.178,0.6294,0.2776,0.2258,0.2552,0.3706,25267,8656,1104,1875
0.52,0.1831,0.6193,0.2827,0.2303,0.2426,0.3807,25692,8231,1134,1845
0.53,0.1869,0.6036,0.2854,0.2315,0.2306,0.3964,26102,7821,1181,1798
0.54,0.1911,0.5881,0.2885,0.233,0.2186,0.4119,26508,7415,1227,1752
0.55,0.1941,0.57,0.2895,0.2319,0.2079,0.43,26871,7052,1281,1698
0.56,0.1984,0.5559,0.2924,0.2335,0.1973,0.4441,27231,6692,1323,1656
0.57,0.2021,0.5418,0.2943,0.2341,0.1879,0.4582,27549,6374,1365,1614
0.58,0.2058,0.527,0.296,0.2344,0.1786,0.473,27865,6058,1409,1570
0.59,0.2097,0.5112,0.2974,0.2344,0.1692,0.4888,28183,5740,1456,1523
0.6,0.2149,0.4971,0.3001,0.236,0.1595,0.5029,28513,5410,1498,1481
0.61,0.2193,0.481,0.3013,0.236,0.1503,0.519,28823,5100,1546,1433
0.62,0.224,0.4653,0.3024,0.236,0.1416,0.5347,29121,4802,1593,1386
0.63,0.2285,0.4502,0.3031,0.2359,0.1335,0.5498,29395,4528,1638,1341
0.64,0.2338,0.4361,0.3044,0.2365,0.1255,0.5639,29665,4258,1680,1299
0.65,0.2387,0.4193,0.3042,0.2357,0.1174,0.5807,29939,3984,1730,1249
0.66,0.2445,0.4018,0.304,0.2352,0.109,0.5982,30225,3698,1782,1197
0.67,0.2493,0.3847,0.3026,0.2335,0.1017,0.6153,30473,3450,1833,1146
0.68,0.2564,0.3696,0.3028,0.234,0.0941,0.6304,30730,3193,1878,1101
0.69,0.2642,0.3548,0.3029,0.2348,0.0868,0.6452,30979,2944,1922,1057
0.7,0.2707,0.339,0.301,0.2339,0.0802,0.661,31202,2721,1969,1010
0.71,0.2771,0.3202,0.2971,0.2312,0.0734,0.6798,31434,2489,2025,954
0.72,0.2851,0.3018,0.2932,0.2293,0.0664,0.6982,31669,2254,2080,899
0.73,0.2908,0.2853,0.288,0.2262,0.0611,0.7147,31850,2073,2129,850
0.74,0.2943,0.2595,0.2758,0.217,0.0547,0.7405,32069,1854,2206,773
0.75,0.2946,0.2367,0.2625,0.2068,0.0498,0.7633,32235,1688,2274,705
0.76,0.3079,0.2222,0.2581,0.2074,0.0439,0.7778,32435,1488,2317,662
0.77,0.3154,0.2028,0.2468,0.2015,0.0386,0.7972,32612,1311,2375,604
0.78,0.3264,0.189,0.2394,0.1997,0.0343,0.811,32761,1162,2416,563
0.79,0.3333,0.1732,0.228,0.194,0.0304,0.8268,32891,1032,2463,516
0.8,0.3476,0.1551,0.2145,0.1894,0.0256,0.8449,33056,867,2517,462
0.81,0.3581,0.1376,0.1988,0.1822,0.0217,0.8624,33188,735,2569,410
0.82,0.3763,0.1255,0.1883,0.1805,0.0183,0.8745,33303,620,2605,374
0.83,0.393,0.1128,0.1753,0.1765,0.0153,0.8872,33404,519,2643,336
0.84,0.4025,0.0957,0.1546,0.1652,0.0125,0.9043,33500,423,2694,285
0.85,0.4194,0.0829,0.1385,0.1583,0.0101,0.9171,33581,342,2732,247
0.86,0.4508,0.0692,0.1199,0.1521,0.0074,0.9308,33672,251,2773,206
0.87,0.4846,0.0581,0.1037,0.1465,0.0054,0.9419,33739,184,2806,173
0.88,0.5054,0.047,0.086,0.1356,0.004,0.953,33786,137,2839,140
0.89,0.4877,0.0332,0.0622,0.1111,0.0031,0.9668,33819,104,2880,99
0.9,0.5403,0.0225,0.0432,0.098,0.0017,0.9775,33866,57,2912,67
0.91,0.5926,0.0161,0.0314,0.0881,0.001,0.9839,33890,33,2931,48
0.92,0.6481,0.0117,0.0231,0.0797,0.0006,0.9883,33904,19,2944,35
0.93,0.75,0.007,0.014,0.0677,0.0002,0.993,33916,7,2958,21
0.94,0.6667,0.0027,0.0053,0.0388,0.0001,0.9973,33919,4,2971,8
0.95,0.5,0.0007,0.0013,0.016,0.0001,0.9993,33921,2,2977,2
