Feature,Importance
cat__NAME_INCOME_TYPE_Working,0.11365185
num__REG_CITY_NOT_WORK_CITY,0.06949117
cat__FLAG_OWN_CAR_Y,0.06441223
cat__OCCUPATION_TYPE_Laborers,0.06275603
cat__CODE_GENDER_F,0.0567069
cat__NAME_EDUCATION_TYPE_Higher education,0.0560204
cat__NAME_EDUCATION_TYPE_Secondary / secondary special,0.051394805
cat__NAME_TYPE_SUITE_Unaccompanied,0.04278285
num__FLAG_DOCUMENT_3,0.041299336
cat__CODE_GENDER_M,0.03722104
cat__FLAG_OWN_CAR_N,0.03654184
cat__ORGANIZATION_TYPE_Business Entity Type 3,0.034541152
cat__OCCUPATION_TYPE_Sales staff,0.031974208
num__REGION_RATING_CLIENT,0.0269503
num__CNT_FAM_MEMBERS,0.024368266
num__AMT_REQ_CREDIT_BUREAU_YEAR,0.023244072
num__EXT_SOURCE_3,0.019666623
num__FLOORSMAX_MODE,0.017877366
num__REGION_RATING_CLIENT_W_CITY,0.01771456
cat__ORGANIZATION_TYPE_Self-employed,0.016088724
cat__NAME_HOUSING_TYPE_House / apartment,0.015358688
cat__OCCUPATION_TYPE_Core staff,0.0152060045
num__EXT_SOURCE_2,0.011855526
cat__OCCUPATION_TYPE_Drivers,0.009166197
cat__NAME_INCOME_TYPE_Commercial associate,0.006335267
cat__NAME_INCOME_TYPE_State servant,0.005924449
num__HOUR_APPR_PROCESS_START,0.005722146
cat__NAME_TYPE_SUITE_Family,0.0054953485
num__EXT_SOURCE_1,0.004406656
num__FLOORSMAX_MEDI,0.0033131444
cat__ORGANIZATION_TYPE_Construction,0.003265078
num__YEARS_EMPLOYED,0.0024500033
cat__OCCUPATION_TYPE_Accountants,0.0023681794
cat__OCCUPATION_TYPE_High skill tech staff,0.002349386
cat__ORGANIZATION_TYPE_Other,0.0023451622
cat__ORGANIZATION_TYPE_Medicine,0.0023215301
num__FLOORSMAX_AVG,0.002121495
cat__OCCUPATION_TYPE_Cooking staff,0.0021106713
num__DAYS_LAST_PHONE_CHANGE,0.0021003522
cat__ORGANIZATION_TYPE_XNA,0.001959707
num__REGION_POPULATION_RELATIVE,0.0019163955
num__ANNUITY_CREDIT_RATIO,0.0017826145
cat__OCCUPATION_TYPE_Medicine staff,0.001751762
cat__NAME_INCOME_TYPE_Pensioner,0.0015487013
num__GOODS_CREDIT_RATIO,0.0015196388
num__LIVINGAREA_MEDI,0.0014970462
cat__ORGANIZATION_TYPE_Industry: type 9,0.0014829612
cat__ORGANIZATION_TYPE_Military,0.0014361114
cat__ORGANIZATION_TYPE_School,0.0014192413
num__FLAG_EMP_PHONE,0.0013973586
cat__ORGANIZATION_TYPE_Transport: type 3,0.0010492846
num__AMT_GOODS_PRICE,0.0010451598
cat__ORGANIZATION_TYPE_Trade: type 6,0.0009208009
cat__ORGANIZATION_TYPE_Insurance,0.00091482536
cat__NAME_TYPE_SUITE_Children,0.0009108346
num__AMT_ANNUITY,0.00085382466
num__DAYS_ID_PUBLISH,0.00085126556
num__BASEMENTAREA_MODE,0.00082827115
cat__ORGANIZATION_TYPE_Industry: type 3,0.0008242028
cat__OCCUPATION_TYPE_Low-skill Laborers,0.00081003876
cat__OCCUPATION_TYPE_Managers,0.0008063655
num__ANNUITY_INCOME_RATIO,0.00076099025
cat__ORGANIZATION_TYPE_University,0.0007601053
num__AGE,0.0007232432
cat__NAME_EDUCATION_TYPE_Lower secondary,0.00069533323
num__AMT_CREDIT,0.00068856956
num__LOG_AMT_INCOME_TOTAL,0.0006804058
num__BASEMENTAREA_AVG,0.00065648137
num__DAYS_BIRTH,0.0006501507
num__EMPLOYMENT_AGE_RATIO,0.00064985367
num__DAYS_EMPLOYED,0.0006490602
cat__ORGANIZATION_TYPE_Realtor,0.0006477777
num__APARTMENTS_MODE,0.0006193338
cat__ORGANIZATION_TYPE_Government,0.0006101131
cat__OCCUPATION_TYPE_Secretaries,0.0005987623
"cat__NAME_TYPE_SUITE_Spouse, partner",0.000584726
cat__ORGANIZATION_TYPE_Postal,0.000572504
num__APARTMENTS_MEDI,0.0005708706
cat__ORGANIZATION_TYPE_Transport: type 4,0.0005697149
cat__OCCUPATION_TYPE_Waiters/barmen staff,0.0005571395
cat__NAME_HOUSING_TYPE_Co-op apartment,0.000534274
num__APARTMENTS_AVG,0.00052786537
cat__ORGANIZATION_TYPE_Business Entity Type 1,0.0005245199
num__LIVINGAREA_MODE,0.0005097988
num__TOTALAREA_MODE,0.00049403287
num__BASEMENTAREA_MEDI,0.0004888634
cat__ORGANIZATION_TYPE_Trade: type 3,0.00048040983
cat__ORGANIZATION_TYPE_Transport: type 2,0.00045530772
cat__NAME_HOUSING_TYPE_With parents,0.0004162044
cat__OCCUPATION_TYPE_Security staff,0.00041083308
num__CREDIT_PER_CHILD,0.00040957832
num__DAYS_REGISTRATION,0.00039846974
cat__NAME_HOUSING_TYPE_Rented apartment,0.0003983984
cat__ORGANIZATION_TYPE_Business Entity Type 2,0.00039664243
cat__NAME_HOUSING_TYPE_Municipal apartment,0.0003859801
cat__ORGANIZATION_TYPE_Advertising,0.00037828565
cat__ORGANIZATION_TYPE_Kindergarten,0.00037700665
cat__ORGANIZATION_TYPE_Electricity,0.00037078426
cat__ORGANIZATION_TYPE_Restaurant,0.00034520135
num__LOG_AMT_CREDIT,0.00034427352
num__LIVINGAREA_AVG,0.00031564618
cat__NAME_EDUCATION_TYPE_Incomplete higher,0.00031388833
cat__ORGANIZATION_TYPE_Industry: type 11,0.00031192965
cat__ORGANIZATION_TYPE_Hotel,0.00028926323
cat__OCCUPATION_TYPE_Cleaning staff,0.00025286656
cat__ORGANIZATION_TYPE_Security,0.00023837705
cat__ORGANIZATION_TYPE_Industry: type 1,0.00023420197
cat__ORGANIZATION_TYPE_Industry: type 2,0.00021773553
cat__ORGANIZATION_TYPE_Police,0.00020726908
cat__ORGANIZATION_TYPE_Industry: type 4,0.00018581912
cat__ORGANIZATION_TYPE_Agriculture,9.584846e-05
cat__ORGANIZATION_TYPE_Industry: type 12,0.0
cat__ORGANIZATION_TYPE_Industry: type 10,0.0
cat__ORGANIZATION_TYPE_Housing,0.0
cat__ORGANIZATION_TYPE_Emergency,0.0
cat__ORGANIZATION_TYPE_Culture,0.0
cat__ORGANIZATION_TYPE_Cleaning,0.0
cat__ORGANIZATION_TYPE_Bank,0.0
cat__OCCUPATION_TYPE_Realty agents,0.0
cat__NAME_TYPE_SUITE_Other_B,0.0
cat__OCCUPATION_TYPE_IT staff,0.0
cat__OCCUPATION_TYPE_HR staff,0.0
cat__CODE_GENDER_XNA,0.0
cat__NAME_HOUSING_TYPE_Office apartment,0.0
cat__NAME_INCOME_TYPE_Unemployed,0.0
cat__NAME_INCOME_TYPE_Student,0.0
cat__NAME_INCOME_TYPE_Maternity leave,0.0
cat__NAME_INCOME_TYPE_Businessman,0.0
cat__OCCUPATION_TYPE_Private service staff,0.0
cat__ORGANIZATION_TYPE_Industry: type 13,0.0
cat__NAME_TYPE_SUITE_Other_A,0.0
cat__ORGANIZATION_TYPE_Telecom,0.0
cat__NAME_TYPE_SUITE_Group of people,0.0
cat__ORGANIZATION_TYPE_Transport: type 1,0.0
cat__ORGANIZATION_TYPE_Trade: type 7,0.0
cat__ORGANIZATION_TYPE_Trade: type 5,0.0
cat__ORGANIZATION_TYPE_Trade: type 4,0.0
cat__ORGANIZATION_TYPE_Trade: type 2,0.0
cat__ORGANIZATION_TYPE_Trade: type 1,0.0
cat__ORGANIZATION_TYPE_Services,0.0
cat__ORGANIZATION_TYPE_Industry: type 5,0.0
cat__ORGANIZATION_TYPE_Security Ministries,0.0
cat__ORGANIZATION_TYPE_Religion,0.0
cat__ORGANIZATION_TYPE_Mobile,0.0
cat__ORGANIZATION_TYPE_Legal Services,0.0
cat__ORGANIZATION_TYPE_Industry: type 8,0.0
cat__ORGANIZATION_TYPE_Industry: type 7,0.0
cat__ORGANIZATION_TYPE_Industry: type 6,0.0
cat__NAME_EDUCATION_TYPE_Academic degree,0.0
